{
  "$schema": "https://json-schema.org/draft/2020-12/schema",
  "version": "1.1.0",
  "schema_version": "1.0",
  "metadata": {
    "name": "Trusted Brands List",
    "description": "信頼できるブランドのリスト。これらのブランドはフィルタリングで優遇される",
    "author": "Clean Amazon Search",
    "last_updated": "2026-02-01"
  },
  "brands": {
    "japanese_manufacturers": {
      "description": "日本メーカー（電機・IT）",
      "list": [
        "Sony",
        "SONY",
        "ソニー",
        "Panasonic",
        "パナソニック",
        "ELECOM",
        "エレコム",
        "BUFFALO",
        "バッファロー",
        "サンワサプライ",
        "SANWA SUPPLY",
        "SANWA",
        "I-O DATA",
        "IODATA",
        "アイ・オー・データ",
        "SHARP",
        "シャープ",
        "TOSHIBA",
        "東芝",
        "NEC",
        "CASIO",
        "カシオ",
        "EPSON",
        "エプソン",
        "Canon",
        "キヤノン",
        "RICOH",
        "リコー",
        "富士フイルム",
        "FUJIFILM",
        "オムロン",
        "OMRON",
        "YAMAHA",
        "ヤマハ",
        "Pioneer",
        "パイオニア",
        "DENON",
        "デノン",
        "marantz",
        "マランツ",
        "オーディオテクニカ",
        "audio-technica",
        "Audio-Technica",
        "TEAC",
        "ティアック",
        "JVC",
        "ビクター",
        "KENWOOD",
        "ケンウッド",
        "JVCケンウッド",
        "KORG",
        "コルグ",
        "Roland",
        "ローランド",
        "Nikon",
        "ニコン",
        "OLYMPUS",
        "オリンパス",
        "OM SYSTEM",
        "TAMRON",
        "タムロン",
        "SIGMA",
        "シグマ",
        "TDK",
        "maxell",
        "マクセル",
        "TANITA",
        "タニタ",
        "ZOJIRUSHI",
        "象印",
        "TIGER",
        "タイガー",
        "日立",
        "HITACHI",
        "三菱電機",
        "MITSUBISHI",
        "ダイキン",
        "DAIKIN",
        "コクヨ",
        "KOKUYO",
        "PILOT",
        "パイロット",
        "ゼブラ",
        "ZEBRA",
        "ぺんてる",
        "Pentel",
        "トンボ鉛筆",
        "TOMBOW",
        "サクラクレパス",
        "SAKURA",
        "三菱鉛筆",
        "uni",
        "京セラ",
        "KYOCERA",
        "KOIZUMI",
        "コイズミ",
        "アイリスオーヤマ",
        "IRIS OHYAMA",
        "IRIS",
        "CIO",
        "シーアイオー",
        "cheero",
        "チーロ",
        "Owltech",
        "オウルテック",
        "green house",
        "グリーンハウス",
        "GREENHOUSE",
        "PLANEX",
        "プラネックス",
        "Logitec",
        "ロジテック",
        "RATOC",
        "ラトック",
        "COREGA",
        "コレガ",
        "センチュリー",
        "CENTURY",
        "玄人志向",
        "KUROUTOSHIKOU"
      ]
    },
    "japanese_appliances": {
      "description": "日本メーカー（家電・生活用品）",
      "list": [
        "バルミューダ",
        "BALMUDA",
        "ツインバード",
        "TWINBIRD",
        "TESCOM",
        "テスコム",
        "コロナ",
        "CORONA",
        "YAMAZEN",
        "山善",
        "ドウシシャ",
        "DOSHISHA",
        "THERMOS",
        "サーモス",
        "和平フレイズ",
        "Wahei freiz",
        "パール金属",
        "PEARL METAL",
        "貝印",
        "KAI",
        "下村工業",
        "ヨシカワ",
        "YOSHIKAWA",
        "ニトリ",
        "NITORI",
        "無印良品",
        "MUJI",
        "アサヒ軽金属",
        "フィスラー",
        "Fissler",
        "ル・クルーゼ",
        "LE CREUSET",
        "ストウブ",
        "STAUB",
        "Vermicular",
        "バーミキュラ",
        "HARIO",
        "ハリオ",
        "KINTO",
        "キントー",
        "イワキ",
        "iwaki",
        "AGF",
        "UCC",
        "TULLY'S",
        "ネスレ",
        "Nestle",
        "NESCAFE",
        "デロンギ",
        "DeLonghi",
        "シロカ",
        "siroca",
        "象印マホービン",
        "マキタ",
        "MAKITA",
        "日立工機",
        "HiKOKI",
        "リョービ",
        "RYOBI",
        "ボッシュ",
        "BOSCH",
        "BLACK+DECKER",
        "ブラックアンドデッカー"
      ]
    },
    "japanese_cosmetics": {
      "description": "日本メーカー（化粧品・日用品）",
      "list": [
        "資生堂",
        "SHISEIDO",
        "花王",
        "Kao",
        "ライオン",
        "LION",
        "P&G",
        "ユニリーバ",
        "Unilever",
        "ユニ・チャーム",
        "unicharm",
        "コーセー",
        "KOSE",
        "カネボウ",
        "KANEBO",
        "ポーラ",
        "POLA",
        "DHC",
        "ファンケル",
        "FANCL",
        "オルビス",
        "ORBIS",
        "アテニア",
        "Attenir",
        "ロート製薬",
        "ROHTO",
        "小林製薬",
        "KOBAYASHI",
        "大塚製薬",
        "ソフィーナ",
        "SOFINA",
        "エリクシール",
        "ELIXIR",
        "SK-II",
        "マキアージュ",
        "MAQuillAGE",
        "アネッサ",
        "ANESSA",
        "ビオレ",
        "Biore",
        "メリット",
        "エッセンシャル",
        "LUX",
        "ラックス",
        "TSUBAKI",
        "いち髪",
        "パンテーン",
        "PANTENE"
      ]
    },
    "global_brands": {
      "description": "グローバルブランド（電機・IT）",
      "list": [
        "Anker",
        "アンカー",
        "Belkin",
        "ベルキン",
        "Apple",
        "アップル",
        "Samsung",
        "サムスン",
        "SAMSUNG",
        "Galaxy",
        "JBL",
        "Bose",
        "ボーズ",
        "Jabra",
        "ジャブラ",
        "Beats",
        "ビーツ",
        "Sennheiser",
        "ゼンハイザー",
        "Logitech",
        "ロジテック",
        "Logicool",
        "ロジクール",
        "Microsoft",
        "マイクロソフト",
        "Xbox",
        "Google",
        "グーグル",
        "Pixel",
        "Nest",
        "Chromecast",
        "LG",
        "エルジー",
        "PHILIPS",
        "フィリップス",
        "HP",
        "Dell",
        "デル",
        "Lenovo",
        "レノボ",
        "ThinkPad",
        "Intel",
        "インテル",
        "AMD",
        "Ryzen",
        "NVIDIA",
        "GeForce",
        "Western Digital",
        "WD",
        "Seagate",
        "シーゲイト",
        "SanDisk",
        "サンディスク",
        "Kingston",
        "キングストン",
        "Crucial",
        "Micron",
        "Transcend",
        "トランセンド",
        "TP-Link",
        "NETGEAR",
        "ネットギア",
        "Synology",
        "QNAP",
        "Ubiquiti",
        "UniFi",
        "ASUS",
        "エイスース",
        "Acer",
        "エイサー",
        "BenQ",
        "ベンキュー",
        "ZOWIE",
        "ViewSonic",
        "EIZO",
        "ナナオ",
        "iiyama",
        "AOC",
        "3M",
        "Kensington",
        "ケンジントン",
        "Twelve South",
        "CalDigit",
        "OWC",
        "Elgato",
        "エルガト",
        "GoPro",
        "ゴープロ",
        "DJI",
        "ディージェイアイ",
        "Insta360",
        "Shure",
        "シュアー",
        "Blue",
        "ブルー",
        "Blue Microphones",
        "Rode",
        "ロード",
        "RODE",
        "Zoom",
        "ズーム",
        "Behringer",
        "ベリンガー",
        "Focusrite",
        "フォーカスライト",
        "Native Instruments",
        "Dyson",
        "ダイソン",
        "iRobot",
        "アイロボット",
        "Roomba",
        "ルンバ",
        "Braun",
        "ブラウン",
        "Mophie",
        "モーフィー",
        "Spigen",
        "シュピゲン",
        "OtterBox",
        "オッターボックス",
        "ZAGG",
        "UAG",
        "ESR",
        "TORRAS",
        "トラス",
        "Belkin",
        "ベルキン",
        "Anker PowerCore",
        "RAVPOWER",
        "UGREEN",
        "ユーグリーン",
        "Baseus",
        "ベースアス",
        "iFace",
        "アイフェイス",
        "Hamee",
        "ハミィ",
        "Simplism",
        "シンプリズム",
        "トリニティ",
        "Trinity",
        "Deff",
        "ディーフ",
        "ラスタバナナ",
        "RASTA BANANA",
        "Ray-Out",
        "レイ・アウト",
        "ROOT CO.",
        "ルートコー",
        "NATIVE UNION",
        "ネイティブユニオン",
        "GRAMAS",
        "グラマス",
        "Caseology",
        "ケースロジー",
        "PITAKA",
        "ピタカ",
        "Ringke",
        "リングケ",
        "NIMASO",
        "ニマソ",
        "RHINOSHIELD",
        "ライノシールド",
        "MOFT",
        "モフト",
        "SwitchEasy",
        "スイッチイージー",
        "Tech21",
        "テック21",
        "ZAGG",
        "ザグ",
        "WANLOK",
        "Patchworks",
        "パッチワークス",
        "AndMesh",
        "アンドメッシュ"
      ]
    },
    "global_audio": {
      "description": "グローバルブランド（オーディオ・楽器）",
      "list": [
        "Bang & Olufsen",
        "B&O",
        "バング＆オルフセン",
        "Harman Kardon",
        "ハーマンカードン",
        "Marshall",
        "マーシャル",
        "Klipsch",
        "クリプシュ",
        "KEF",
        "ケーイーエフ",
        "DALI",
        "ダリ",
        "B&W",
        "Bowers & Wilkins",
        "Polk Audio",
        "ポークオーディオ",
        "Sonos",
        "ソノス",
        "Bang & Olufsen",
        "AKG",
        "アーカーゲー",
        "Beyerdynamic",
        "ベイヤーダイナミック",
        "Grado",
        "グラド",
        "Audeze",
        "オーデジー",
        "HIFIMAN",
        "ハイファイマン",
        "Fostex",
        "フォステクス",
        "final",
        "ファイナル",
        "SONY WH",
        "SONY WF",
        "AirPods",
        "エアポッツ",
        "Galaxy Buds",
        "Fender",
        "フェンダー",
        "Gibson",
        "ギブソン",
        "Epiphone",
        "エピフォン",
        "Ibanez",
        "アイバニーズ",
        "ESP",
        "Schecter",
        "シェクター",
        "Jackson",
        "ジャクソン",
        "PRS",
        "ポールリードスミス",
        "Martin",
        "マーチン",
        "Taylor",
        "テイラー",
        "YAMAHA FG",
        "Morris",
        "モーリス",
        "Takamine",
        "タカミネ",
        "Boss",
        "ボス",
        "Line 6",
        "ライン6",
        "Vox",
        "ヴォックス",
        "Blackstar",
        "ブラックスター",
        "MOOG",
        "モーグ",
        "Arturia",
        "アートリア",
        "AKAI",
        "アカイ",
        "M-Audio",
        "エムオーディオ",
        "Alesis",
        "アレシス",
        "PreSonus",
        "プリソーナス",
        "Steinberg",
        "スタインバーグ",
        "Universal Audio",
        "ユニバーサルオーディオ"
      ]
    },
    "amazon_brands": {
      "description": "Amazon公式ブランド",
      "list": [
        "Amazonベーシック",
        "Amazon Basics",
        "AmazonBasics",
        "Amazon Essentials",
        "Echo",
        "Fire TV",
        "Kindle",
        "Ring",
        "Eero"
      ]
    },
    "trusted_chinese": {
      "description": "信頼できる中国/アジアブランド（実績があり品質が安定している）",
      "list": [
        "Xiaomi",
        "シャオミ",
        "小米",
        "Mi",
        "HUAWEI",
        "ファーウェイ",
        "華為",
        "Honor",
        "オナー",
        "SoundPEATS",
        "サウンドピーツ",
        "UGREEN",
        "ユーグリーン",
        "Baseus",
        "ベースアス",
        "AUKEY",
        "オーキー",
        "RAVPower",
        "ラブパワー",
        "OPPO",
        "オッポ",
        "OnePlus",
        "ワンプラス",
        "realme",
        "リアルミー",
        "vivo",
        "ビボ",
        "Anker Soundcore",
        "Soundcore",
        "サウンドコア",
        "EarFun",
        "イヤーファン",
        "TOZO",
        "トーゾ",
        "Tribit",
        "トリビット",
        "Mpow",
        "エムパウ",
        "TaoTronics",
        "タオトロニクス",
        "VANKYO",
        "バンキョー",
        "Nebula",
        "ネビュラ",
        "Roborock",
        "ロボロック",
        "Dreame",
        "ドリーミー",
        "ECOVACS",
        "エコバックス",
        "DEEBOT",
        "Yeedi",
        "イーディ",
        "ZHIYUN",
        "ジウン",
        "Godox",
        "ゴドックス",
        "Neewer",
        "ニューワー",
        "VILTROX",
        "ビルトロックス",
        "YONGNUO",
        "ヨンヌオ",
        "Aputure",
        "アプチャー",
        "FeiyuTech",
        "フェイユーテック",
        "MOZA",
        "モザ",
        "Creality",
        "クリエリティ",
        "Bambu Lab",
        "バンブーラボ",
        "Elegoo",
        "エレグー",
        "QIDI",
        "Prusa",
        "プルーサ",
        "FlashForge",
        "フラッシュフォージ",
        "Hisense",
        "ハイセンス",
        "TCL",
        "ティーシーエル",
        "Haier",
        "ハイアール",
        "AQUA",
        "アクア",
        "Edifier",
        "エディファイア",
        "FiiO",
        "フィーオ",
        "Shanling",
        "シャンリン",
        "Moondrop",
        "ムーンドロップ",
        "水月雨",
        "KZ",
        "ケーゼット",
        "TRN",
        "CCA",
        "TFZ",
        "Tin HiFi",
        "ティンハイファイ",
        "BGVP",
        "Truthear",
        "トゥルーイヤー",
        "7Hz",
        "Tangzu",
        "タンズー",
        "SEEAUDIO",
        "Simgot",
        "シムゴット",
        "IKKO",
        "イッコー"
      ]
    },
    "sports_outdoor": {
      "description": "スポーツ・アウトドアブランド",
      "list": [
        "Nike",
        "ナイキ",
        "adidas",
        "アディダス",
        "PUMA",
        "プーマ",
        "New Balance",
        "ニューバランス",
        "ASICS",
        "アシックス",
        "Mizuno",
        "ミズノ",
        "YONEX",
        "ヨネックス",
        "Reebok",
        "リーボック",
        "Under Armour",
        "アンダーアーマー",
        "Converse",
        "コンバース",
        "VANS",
        "バンズ",
        "Skechers",
        "スケッチャーズ",
        "THE NORTH FACE",
        "ザ・ノース・フェイス",
        "ノースフェイス",
        "Columbia",
        "コロンビア",
        "Patagonia",
        "パタゴニア",
        "mont-bell",
        "モンベル",
        "Arc'teryx",
        "アークテリクス",
        "MAMMUT",
        "マムート",
        "Marmot",
        "マーモット",
        "SALOMON",
        "サロモン",
        "Merrell",
        "メレル",
        "KEEN",
        "キーン",
        "La Sportiva",
        "ラスポルティバ",
        "SCARPA",
        "スカルパ",
        "Black Diamond",
        "ブラックダイヤモンド",
        "PETZL",
        "ペツル",
        "Snow Peak",
        "スノーピーク",
        "Coleman",
        "コールマン",
        "Logos",
        "ロゴス",
        "Captain Stag",
        "キャプテンスタッグ",
        "DOD",
        "ディーオーディー",
        "BUNDOK",
        "バンドック",
        "Helinox",
        "ヘリノックス",
        "SOTO",
        "ソト",
        "新富士バーナー",
        "イワタニ",
        "Iwatani",
        "PRIMUS",
        "プリムス",
        "MSR",
        "エムエスアール",
        "Therm-a-Rest",
        "サーマレスト",
        "NANGA",
        "ナンガ",
        "ISUKA",
        "イスカ",
        "Garmin",
        "ガーミン",
        "Suunto",
        "スント",
        "Polar",
        "ポラール",
        "COROS",
        "カロス",
        "Fitbit",
        "フィットビット",
        "Wahoo",
        "ワフー",
        "Shimano",
        "シマノ",
        "SRAM",
        "スラム",
        "Campagnolo",
        "カンパニョーロ",
        "GIANT",
        "ジャイアント",
        "Trek",
        "トレック",
        "Specialized",
        "スペシャライズド",
        "Cannondale",
        "キャノンデール",
        "Bianchi",
        "ビアンキ",
        "BRIDGESTONE",
        "ブリヂストン"
      ]
    },
    "fashion_lifestyle": {
      "description": "ファッション・ライフスタイルブランド",
      "list": [
        "UNIQLO",
        "ユニクロ",
        "GU",
        "ジーユー",
        "ZARA",
        "ザラ",
        "H&M",
        "エイチアンドエム",
        "GAP",
        "ギャップ",
        "LEVI'S",
        "リーバイス",
        "Lee",
        "リー",
        "Edwin",
        "エドウィン",
        "Wrangler",
        "ラングラー",
        "Champion",
        "チャンピオン",
        "Dickies",
        "ディッキーズ",
        "Carhartt",
        "カーハート",
        "BEAMS",
        "ビームス",
        "UNITED ARROWS",
        "ユナイテッドアローズ",
        "SHIPS",
        "シップス",
        "JOURNAL STANDARD",
        "ジャーナルスタンダード",
        "nano universe",
        "ナノユニバース",
        "URBAN RESEARCH",
        "アーバンリサーチ",
        "GLOBAL WORK",
        "グローバルワーク",
        "coen",
        "コーエン",
        "LOWRYS FARM",
        "ローリーズファーム",
        "SEIKO",
        "セイコー",
        "CITIZEN",
        "シチズン",
        "CASIO G-SHOCK",
        "G-SHOCK",
        "ジーショック",
        "Orient",
        "オリエント",
        "Swatch",
        "スウォッチ",
        "TIMEX",
        "タイメックス",
        "Fossil",
        "フォッシル",
        "Daniel Wellington",
        "ダニエルウェリントン",
        "MVMT",
        "Nordgreen",
        "ノードグリーン",
        "Samsonite",
        "サムソナイト",
        "RIMOWA",
        "リモワ",
        "TUMI",
        "トゥミ",
        "ACE",
        "エース",
        "吉田カバン",
        "PORTER",
        "ポーター",
        "GREGORY",
        "グレゴリー",
        "OUTDOOR PRODUCTS",
        "アウトドアプロダクツ",
        "Manhattan Portage",
        "マンハッタンポーテージ",
        "Herschel",
        "ハーシェル"
      ]
    },
    "pc_gaming": {
      "description": "PC周辺機器・ゲーミングブランド",
      "list": [
        "ASUS",
        "ASUS ROG",
        "ROG",
        "TUF Gaming",
        "MSI",
        "エムエスアイ",
        "Corsair",
        "コルセア",
        "Razer",
        "レイザー",
        "SteelSeries",
        "スティールシリーズ",
        "HyperX",
        "ハイパーエックス",
        "ROCCAT",
        "ロキャット",
        "Cooler Master",
        "クーラーマスター",
        "NZXT",
        "Thermaltake",
        "サーマルテイク",
        "be quiet!",
        "ビークワイエット",
        "Fractal Design",
        "フラクタルデザイン",
        "Phanteks",
        "ファンテックス",
        "Lian Li",
        "リアンリー",
        "GIGABYTE",
        "ギガバイト",
        "AORUS",
        "ASRock",
        "アスロック",
        "EVGA",
        "ZOTAC",
        "ゾタック",
        "Palit",
        "パリット",
        "GALAX",
        "ギャラクス",
        "PNY",
        "Inno3D",
        "Colorful",
        "カラフル",
        "Sapphire",
        "サファイア",
        "XFX",
        "PowerColor",
        "パワーカラー",
        "Seasonic",
        "シーソニック",
        "Antec",
        "アンテック",
        "ENERMAX",
        "エナーマックス",
        "FSP",
        "Super Flower",
        "スーパーフラワー",
        "Silverstone",
        "シルバーストーン",
        "Noctua",
        "ノクチュア",
        "ARCTIC",
        "アークティック",
        "SCYTHE",
        "サイズ",
        "DeepCool",
        "ディープクール",
        "EKWB",
        "EK",
        "Corsair Hydro",
        "NZXT Kraken",
        "Glorious",
        "グロリアス",
        "Ducky",
        "ダッキー",
        "Keychron",
        "キークロン",
        "FILCO",
        "フィルコ",
        "REALFORCE",
        "リアルフォース",
        "HHKB",
        "Happy Hacking Keyboard",
        "Topre",
        "トープレ",
        "東プレ",
        "NuPhy",
        "ニューフィー",
        "Akko",
        "アッコ",
        "EPOMAKER",
        "Wooting",
        "ウーティング",
        "Pulsar",
        "パルサー",
        "Finalmouse",
        "ファイナルマウス",
        "VAXEE",
        "バクシー",
        "ZOWIE",
        "ゾーイ",
        "Endgame Gear",
        "エンドゲームギア",
        "Lamzu",
        "ラムズ",
        "VARMILO",
        "アミロ",
        "Leopold",
        "レオポルド",
        "Xtrfy",
        "エクストリファイ",
        "G-Wolves",
        "ジーウルブズ",
        "Artisan",
        "アーティサン",
        "SkyPAD",
        "スカイパッド",
        "Lethal Gaming Gear",
        "X-raypad",
        "Corepad",
        "PlayStation",
        "プレイステーション",
        "PS5",
        "PS4",
        "Nintendo",
        "任天堂",
        "Nintendo Switch",
        "ニンテンドースイッチ",
        "Xbox Series",
        "Xbox One",
        "HORI",
        "ホリ"
      ]
    },
    "toys_hobby": {
      "description": "玩具・ホビーブランド",
      "list": [
        "BANDAI",
        "バンダイ",
        "BANDAI SPIRITS",
        "バンダイスピリッツ",
        "TAMIYA",
        "タミヤ",
        "TOMYTEC",
        "トミーテック",
        "TAKARA TOMY",
        "タカラトミー",
        "SEGA",
        "セガ",
        "KONAMI",
        "コナミ",
        "CAPCOM",
        "カプコン",
        "SQUARE ENIX",
        "スクウェア・エニックス",
        "Good Smile Company",
        "グッドスマイルカンパニー",
        "Max Factory",
        "マックスファクトリー",
        "figma",
        "フィグマ",
        "ねんどろいど",
        "Nendoroid",
        "KOTOBUKIYA",
        "コトブキヤ",
        "ALTER",
        "アルター",
        "Phat Company",
        "ファット・カンパニー",
        "FREEing",
        "フリーイング",
        "MegaHouse",
        "メガハウス",
        "MEDICOM TOY",
        "メディコム・トイ",
        "BE@RBRICK",
        "ベアブリック",
        "S.H.Figuarts",
        "ROBOT魂",
        "超合金",
        "DX超合金",
        "METAL BUILD",
        "メタルビルド",
        "プラモデル",
        "ガンプラ",
        "GUNPLA",
        "MG",
        "RG",
        "HG",
        "PG",
        "HASEGAWA",
        "ハセガワ",
        "AOSHIMA",
        "アオシマ",
        "FUJIMI",
        "フジミ",
        "WAVE",
        "ウェーブ",
        "PLATZ",
        "プラッツ",
        "LEGO",
        "レゴ",
        "nanoblock",
        "ナノブロック",
        "SCHLEICH",
        "シュライヒ",
        "Hasbro",
        "ハズブロ",
        "Mattel",
        "マテル",
        "Hot Wheels",
        "ホットウィール",
        "Barbie",
        "バービー",
        "Funko",
        "ファンコ",
        "POP",
        "TOMICA",
        "トミカ",
        "プラレール",
        "PLARAIL"
      ]
    },
    "japanese_crafts": {
      "description": "日本の工房・製作所・伝統ブランド",
      "list": [
        "竹下工房",
        "中川政七商店",
        "白山陶器",
        "波佐見焼",
        "有田焼",
        "九谷焼",
        "清水焼",
        "益子焼",
        "美濃焼",
        "萩焼",
        "信楽焼",
        "備前焼",
        "瀬戸焼",
        "常滑焼",
        "越前焼",
        "丹波焼",
        "唐津焼",
        "伊万里焼",
        "薩摩焼",
        "輪島塗",
        "会津塗",
        "鎌倉彫",
        "飛騨春慶",
        "津軽塗",
        "山中漆器",
        "木曽漆器",
        "紀州漆器",
        "若狭塗",
        "南部鉄器",
        "山形鋳物",
        "高岡銅器",
        "燕三条",
        "関の刃物",
        "堺打刃物",
        "越前打刃物",
        "博多織",
        "西陣織",
        "大島紬",
        "結城紬",
        "小千谷縮",
        "加賀友禅",
        "京友禅",
        "江戸切子",
        "薩摩切子",
        "津軽びいどろ",
        "琉球ガラス",
        "岩谷堂箪笥",
        "箱根寄木細工",
        "曲げわっぱ",
        "紀州備長炭",
        "土佐備長炭",
        "吉野杉",
        "秋田杉",
        "能登杉",
        "天童木工",
        "飛騨産業",
        "カリモク",
        "KARIMOKU",
        "マルニ",
        "MARUNI",
        "日進木工",
        "柏木工",
        "宮崎椅子製作所",
        "松野屋",
        "かまわぬ",
        "竹虎",
        "公長斎小菅",
        "大矢製作所",
        "鍛冶屋",
        "刃物屋",
        "金物屋"
      ]
    }
  },
  "aliases": {
    "description": "ブランド名の表記揺れを正規化するためのマッピング",
    "mappings": {
      "sony": "Sony",
      "ソニー": "Sony",
      "panasonic": "Panasonic",
      "パナソニック": "Panasonic",
      "elecom": "ELECOM",
      "エレコム": "ELECOM",
      "buffalo": "BUFFALO",
      "バッファロー": "BUFFALO",
      "i-odata": "I-O DATA",
      "iodata": "I-O DATA",
      "アイオーデータ": "I-O DATA",
      "anker": "Anker",
      "アンカー": "Anker",
      "logicool": "Logitech",
      "ロジクール": "Logitech",
      "amazonbasics": "Amazon Basics",
      "amazonベーシック": "Amazon Basics",
      "サンワ": "SANWA SUPPLY",
      "サンワサプライ": "SANWA SUPPLY",
      "オーディオテクニカ": "audio-technica",
      "audiotechnica": "audio-technica",
      "jvc kenwood": "JVCケンウッド",
      "ケンウッド": "KENWOOD",
      "ビクター": "JVC",
      "チーロ": "cheero",
      "サウンドコア": "Soundcore",
      "サウンドピーツ": "SoundPEATS",
      "イヤーファン": "EarFun",
      "ガーミン": "Garmin",
      "フィットビット": "Fitbit",
      "ダイソン": "Dyson",
      "アイロボット": "iRobot",
      "ルンバ": "iRobot",
      "ロボロック": "Roborock",
      "エコバックス": "ECOVACS",
      "シャオミ": "Xiaomi",
      "ファーウェイ": "HUAWEI",
      "オッポ": "OPPO",
      "ユーグリーン": "UGREEN",
      "ベースアス": "Baseus",
      "ナイキ": "Nike",
      "アディダス": "adidas",
      "プーマ": "PUMA",
      "ニューバランス": "New Balance",
      "アシックス": "ASICS",
      "ミズノ": "Mizuno",
      "ノースフェイス": "THE NORTH FACE",
      "コロンビア": "Columbia",
      "パタゴニア": "Patagonia",
      "モンベル": "mont-bell",
      "アークテリクス": "Arc'teryx",
      "スノーピーク": "Snow Peak",
      "コールマン": "Coleman",
      "セイコー": "SEIKO",
      "シチズン": "CITIZEN",
      "ジーショック": "G-SHOCK",
      "オリエント": "Orient",
      "サムソナイト": "Samsonite",
      "リモワ": "RIMOWA",
      "ポーター": "PORTER",
      "吉田カバン": "PORTER",
      "グレゴリー": "GREGORY",
      "コルセア": "Corsair",
      "レイザー": "Razer",
      "ハイパーエックス": "HyperX",
      "ノクチュア": "Noctua",
      "リアルフォース": "REALFORCE",
      "バンダイ": "BANDAI",
      "タミヤ": "TAMIYA",
      "タカラトミー": "TAKARA TOMY",
      "レゴ": "LEGO",
      "トミカ": "TOMICA"
    }
  }
}
